timestamp,precio,market_cap,total_volumen
2020-12-22,1.0020297939081966,20352568043.264217,56045236102.61864
2020-12-23,1.001961638759011,20473741651.360035,56285751885.75779
2020-12-24,1.0040126431796252,20559034245.21406,65223503054.45911
2020-12-25,1.0023826231507693,20588104977.862133,58339107535.24187
2020-12-26,1.0029357210190721,20750908441.707695,55538895732.6606
2020-12-27,1.002081207257256,20763290844.73684,56722879090.859406
2020-12-28,1.0013051232580303,20803077157.078346,72620203805.89838
2020-12-29,1.0020587398489333,20856035046.27366,59541015354.864624
2020-12-30,1.0012237308367522,20873380059.777878,57716128688.252785
2020-12-31,1.0015644877238365,20920738588.993855,56031648977.853745
2021-01-01,1.0000520646337905,20934027063.04073,50122642446.09134
2021-01-02,1.001992607019633,21123644615.38574,46908184579.778656
2021-01-03,1.0031205093162412,21202977966.966965,65600559358.04798
2021-01-04,1.0007211864651786,21350523809.280685,88050410443.81592
2021-01-05,0.9997061275089264,21808226475.32642,107933689971.92683
2021-01-06,1.002747178640493,21938753509.124535,94209342878.68344
2021-01-07,1.007831528615089,22300090404.1088,102226578773.9809
2021-01-08,1.0011229764103136,22825440973.459038,112491987599.54878
2021-01-09,1.0025753237228696,23523147664.187305,116098707019.9269
2021-01-10,1.0052281707835635,23789558136.59055,88843690833.95743
2021-01-11,1.002045316205101,24279872324.78446,113187178994.25511
2021-01-12,1.0085184528161932,24476886629.5841,151288274893.9023
2021-01-13,1.002325277523874,24294673600.944046,98641615847.47221
2021-01-14,1.0036185497396932,24337321169.826145,88304528335.44354
2021-01-15,0.9978763563497435,24213693580.926777,83470865703.92484
2021-01-16,1.0005219609799012,24266793529.261494,96992240843.62924
2021-01-17,1.0021410577808154,24315907744.20519,94463862958.58073
2021-01-18,0.9981823506819849,24325253500.348637,89790741770.63055
2021-01-19,1.0001498685694359,24361784336.09795,75752435427.7289
2021-01-20,0.9974581028851843,24298711592.612995,95230363079.66899
2021-01-21,0.9977563084936041,24773996062.93597,98400901337.33005
2021-01-22,1.006988053765055,25008394352.59355,98500138249.87909
2021-01-23,1.0004118150368448,24801327622.792286,109499932960.65395
2021-01-24,0.9985816708045647,24747246253.755672,74584935867.30522
2021-01-25,0.9995861458889471,24813122584.88907,75389392521.67853
2021-01-26,1.000845728217716,24943473422.73445,81887567858.67982
2021-01-27,1.0032012535425445,25059561869.015553,77742955151.28645
2021-01-28,1.0020747524199969,25255177033.61132,77086984667.78821
2021-01-29,0.9988605467210793,25378936181.757412,82157957940.68674
2021-01-30,0.9950403069828191,25228959196.063007,140262643568.02084
2021-01-31,0.996505221791999,26260606337.887394,87677250379.13432
2021-02-01,1.0008892766480473,26460152363.20715,77589141304.68518
2021-02-02,0.997456462958835,26539965348.818275,87376525506.66808
2021-02-03,1.00092924375145,26737565393.607494,86161399686.68977
2021-02-04,0.9999192785170844,27040294469.11286,80620809731.1088
2021-02-05,1.0013961086459804,27464486048.164513,96063694555.143
2021-02-06,1.0020402100499148,27816326085.945854,88244095697.45523
2021-02-07,0.9993774420967774,28318232688.704033,88304160292.66365
2021-02-08,0.9987334794002474,28564384006.70739,100586645553.91893
2021-02-09,1.0029681186643629,28863249466.014015,119093931026.51341
2021-02-10,0.9955613086131869,29758402439.41391,120396047618.69061
2021-02-11,0.9980188425315342,30256118930.225216,127287128355.97937
2021-02-12,0.9976065477985809,30750705243.030983,105042899243.6551
2021-02-13,0.9971660636322055,31064574294.367252,107178685500.87315
2021-02-14,0.9987743893692156,31539493807.170025,108239708913.8269
2021-02-15,0.9963012253049722,31950061617.476994,98377990878.4068
2021-02-16,1.000179350236608,32119872729.8971,115699648181.2932
2021-02-17,1.0010787189520225,32322580880.821716,101810739531.31964
2021-02-18,1.0006737897232774,32391466873.779316,103048013177.70648
2021-02-19,1.0002892383934674,33157947105.034473,97785999949.23138
2021-02-20,1.0063494201161378,33750136267.936314,118559600571.5314
2021-02-21,1.0050564611267065,34371952648.25752,136195625535.18416
2021-02-22,1.0035908181165718,34386570525.72401,114500959703.86371
2021-02-23,1.00526547101203,34756738533.76357,170201717747.032
2021-02-24,1.003709073360311,34896050919.73742,194421864595.4662
2021-02-25,1.0102885652106228,35055733490.14547,130287922403.37346
2021-02-26,1.0037216583661528,34953515263.391785,102931863403.14032
2021-02-27,1.008045060202137,35297886361.616516,130682746510.06456
2021-02-28,0.9939959643988855,35019017695.772484,93002675832.32587
2021-03-01,1.0113555250256239,35168931968.608925,114592683043.66782
2021-03-02,1.0082341930870489,35205221027.27653,105652635751.60808
2021-03-03,1.0084334103697004,35648335234.61495,95192365145.85048
2021-03-04,0.9992257050667218,35849578088.00556,97874443745.56467
2021-03-05,1.0033030825386902,36436768966.71434,106263564693.55008
2021-03-06,0.9984892002294907,36442357698.78603,94999863454.56818
2021-03-07,1.0018489938284245,36505130743.971436,76330557958.97618
2021-03-08,1.0031368203940585,36537451758.11312,77905261747.05516
2021-03-09,1.0003581505032315,36485945568.00477,93938027402.28143
2021-03-10,1.0025052876368936,36891976398.89507,100527600052.33662
2021-03-11,0.99708315910683,37294121249.33685,102564465265.42084
2021-03-12,1.0022334951787044,37582370331.17996,103544909716.3677
2021-03-13,1.0020283285736966,38189879216.688835,104151500454.69743
2021-03-14,1.0019526939208985,38311238719.403534,110974728095.68736
2021-03-15,1.0037034725327185,38391230641.18308,89031352800.74438
2021-03-16,1.0030356362712534,38533359862.69341,115152243544.5161
2021-03-17,1.0016482420734711,38715432782.02733,103867884971.96565
2021-03-18,1.0040468959025728,38960558816.205734,97566273638.4185
2021-03-19,1.0038757839141883,39026603881.10389,89067622560.17903
2021-03-20,1.0043861429391077,39402122650.76657,81485059573.29657
2021-03-21,1.0043554721297197,39691193064.47697,82315556818.72185
2021-03-22,1.0033918588840112,39733383314.9747,81063542767.85997
2021-03-23,1.003584866253436,39779162452.00496,89918317301.61862
2021-03-24,0.9983564056845696,39679592730.53306,92875884664.2632
2021-03-25,0.9988596179154713,39874985485.65208,97948362051.82492
2021-03-26,0.99888229884411,40325387954.373184,105238802094.74226
2021-03-27,0.9995590204298576,40289735331.71208,86727658288.7391
2021-03-28,1.00000476986206,40515567103.37723,80424190877.08372
2021-03-29,1.0034283135919952,40696987500.41536,75106778250.19618
2021-03-30,0.9992236097073386,40527975007.60046,88932229088.80779
2021-03-31,0.9999055053089563,40730247053.68744,92130603672.3376
2021-04-01,1.0002878265584567,40816914163.929474,107712875950.88474
2021-04-02,1.0007356616719212,40835188151.576355,114529212306.29211
2021-04-03,1.0005610520589574,41789686877.69644,108843432225.41795
2021-04-04,1.0006372874310274,42448788685.50856,113508035630.07138
2021-04-05,1.000522937980545,42493963928.168076,106097434674.2638
2021-04-06,0.9993282015573209,42544365000.30919,133728450214.34415
2021-04-07,1.0003031058101515,43125054016.87094,144419699226.40887
2021-04-08,0.9994598870477507,43178291900.996994,151690553339.61374
2021-04-09,1.0017759574376317,43829500562.84908,103502487606.07144
2021-04-10,0.999502702667857,43883964992.77502,94413452141.4849
2021-04-11,0.9992581024486542,44559427154.3627,118138129937.97644
2021-04-12,1.0009346806112622,44446295786.07,112616270854.3845
2021-04-13,1.0007932712662302,44597273098.82286,123526024653.76822
2021-04-14,1.0012285549919155,45518007079.69161,152420222312.98672
2021-04-15,0.9996718883665571,45928633894.53902,178587906699.99283
2021-04-16,0.9999811965131331,46601536890.78333,144410423285.8531
2021-04-17,0.9989265487459564,46966476338.49882,232561167693.11935
2021-04-18,1.0013489927596377,47980429555.13232,181717000572.79446
2021-04-19,1.00058387043682,48440253076.1749,231570650959.96423
2021-04-20,0.9998369132576695,48246126852.29021,174848555244.3828
2021-04-21,1.0003892617604935,48820994300.749,175713889295.87888
2021-04-22,0.997144848303956,49176280914.27819,128776912190.93001
2021-04-23,1.0011028051053619,49655032885.85445,165685803341.1639
2021-04-24,1.0017695380032998,49477553574.902,196113945001.94534
2021-04-25,0.9985456160857316,49501156852.96325,108407102375.35927
2021-04-26,1.003861840635901,50300761608.34373,98075318188.94676
2021-04-27,1.0005922883091563,50177957598.77153,124925410140.9797
2021-04-28,0.9968497163929129,50288933664.67886,106829921912.76149
2021-04-29,1.0016004458888612,51109245003.48066,119721365677.91833
2021-04-30,1.0006978750511393,51252930927.272285,107508264231.07689
2021-05-01,1.0013730218779264,51180431595.88118,110625638109.90012
2021-05-02,1.0005472463889884,51679435029.64995,106206655273.63322
2021-05-03,1.0005929141699834,51994800962.15627,102052657221.7923
2021-05-04,1.0013198387256337,52331138431.29154,129964701804.95116
2021-05-05,1.0035317054028285,52279586920.02838,198861996899.27676
2021-05-06,0.9984924359630785,53023829034.184204,203681934555.9325
2021-05-07,1.0002993082097686,53739048757.24177,213475746556.7577
2021-05-08,1.001825303994509,54969338625.957596,196217441068.6106
2021-05-09,0.998844008086269,55472173385.97693,176309942596.3211
2021-05-10,1.0010462673780822,55793170948.99948,202213537393.18616
2021-05-11,1.0071871928322995,56104046205.3234,205115226774.04752
2021-05-12,1.0007263083372482,56741107698.80232,192572889995.3891
2021-05-13,1.0031919546846177,57651461403.71861,192262976227.23734
2021-05-14,0.9929825590929239,57935084385.193886,258102843038.13275
2021-05-15,0.9986313935458032,58027326444.74941,175624828057.72272
2021-05-16,0.9951338033587894,58377161526.95669,182413976652.30734
2021-05-17,0.9976465579657467,58715150844.1361,177763991262.36295
2021-05-18,1.0059347516284125,58391640940.34363,192659135466.05188
2021-05-19,0.9970266259975898,58284037564.00141,163210282173.65356
2021-05-20,0.9941905517088436,58182230212.21091,295373009693.4905
2021-05-21,1.0045769064212329,58467894310.534,226146590456.9112
2021-05-22,0.9988974798903697,58629178479.0463,186050117657.16104
2021-05-23,1.002869640692695,59767412543.60663,140620569897.16092
2021-05-24,1.0013648417310266,59697759251.172356,172754515770.48016
2021-05-25,1.00308083146586,59790210429.48368,167907872268.35626
2021-05-26,1.0011599617977038,60307482210.61514,138658768451.83243
2021-05-27,0.9993103805725303,60846903800.987366,123158893927.66017
2021-05-28,0.9992757281387374,61056295404.959816,108509110732.50256
2021-05-29,1.0006307464769948,61346578032.86604,121041404164.54814
2021-05-30,0.9991615998914376,61416977214.08549,111548784407.9107
2021-05-31,0.9980486952049032,61799686628.76984,95498961356.99562
2021-06-01,0.9975503745391257,61813544731.17228,106333238880.51338
2021-06-02,1.0023371620794597,62110159632.3293,105832691437.93044
2021-06-03,0.9994727385939014,61905332784.33841,97323504109.90369
2021-06-04,1.000328978788244,61834495647.83147,86892392429.19434
2021-06-05,1.0006453290645456,62160346215.40116,100628382567.53708
2021-06-06,1.0010087062748723,62319635037.666534,81173603488.5821
2021-06-07,1.0025782335069557,62589210931.38007,60531968484.720894
2021-06-08,1.0002762650139625,62445503052.28378,76174863843.74341
2021-06-09,1.0024226284773852,62613679392.342094,106418841188.68985
2021-06-10,1.0017490911116596,62667272867.502815,100067211690.50099
2021-06-11,1.0039809916905793,63018063098.887535,79669972988.32661
2021-06-12,1.0006831170651154,62813263302.05801,66514923299.29223
2021-06-13,1.0042687651183322,63041668654.45564,69548566118.28033
2021-06-14,0.9994251393760427,62737616333.26689,66539632553.562996
2021-06-15,1.0011189590334115,62843943664.46463,72213893675.94827
2021-06-16,1.0028818770029917,62955531640.44513,65068923450.432205
2021-06-17,0.9985023689628276,62680833589.64867,63640379589.6704
2021-06-18,1.0029194130028705,62915990238.76702,59354282650.52788
2021-06-19,1.0008771187642447,62781866043.7493,61477956089.01556
2021-06-20,1.0042114667627022,63022640616.29419,50151966978.125015
2021-06-21,1.0011953646127407,62833355064.24628,62168327232.81384
2021-06-22,0.9972093465234795,62433331566.12474,89774922719.69771
2021-06-23,1.0045332107850604,62958009950.42254,103160369172.5121
2021-06-24,1.0028212108579748,63059140318.667175,76191360476.31712
2021-06-25,1.0021966303539478,62965359730.8175,62113762370.97839
2021-06-26,1.000703468387949,62770695879.09725,69467202230.61816
2021-06-27,1.0031606897360204,63630251952.029495,65951955503.54666
2021-06-28,1.0018020695846548,63238142380.06459,58288975533.36339
2021-06-29,1.0038513883661013,62957687636.87211,63879176758.65697
2021-06-30,1.000417551720511,62662681797.322105,69037137059.70958
2021-07-01,1.0044595729244727,62778375249.01169,66616719526.74056
2021-07-02,1.0016307604207397,62764949426.17835,60034178044.13743
2021-07-03,1.0043237595045345,62826352745.32187,50482915323.62427
2021-07-04,1.003225211477391,62773752278.349144,45167551909.58669
2021-07-05,0.995146280011523,62252247474.50231,44490230128.09474
2021-07-06,1.003829993413279,62795464774.85488,51934542315.192894
2021-07-07,1.0025265590774224,62673222840.5625,53122112243.686485
2021-07-08,0.9998377370871278,62500080597.00939,48556916261.13137
2021-07-09,1.0026752130655767,62650981204.45979,55354437105.01642
2021-07-10,1.003341360654814,62597287223.69701,50142997081.30558
2021-07-11,1.004324904353298,62625649753.64239,39308222825.926094
2021-07-12,1.000960373118501,62447338867.627785,32369587800.25921
2021-07-13,1.0023963980696122,62544311505.039505,39341151131.63773
2021-07-14,1.0041312554288047,62625079420.59769,39181144290.74718
2021-07-15,1.0026076440162972,62311226405.84341,44457108723.07624
2021-07-16,1.0030609403726911,62399251245.14264,42942514427.41806
2021-07-17,0.9997070964986088,62114787443.555466,40996300778.208984
2021-07-18,1.0017751840274285,62276606129.46747,35876567285.147484
2021-07-19,1.0026176595291227,62544907666.829704,34327353001.949257
2021-07-20,1.0019205416525372,62305629667.531,38292564096.33782
2021-07-21,1.0019450679460384,62179886375.77305,42969296506.60589
2021-07-22,1.0025354811618212,62271271235.8455,55470910634.56419
2021-07-23,1.0013959524551024,62140538003.42053,43428813456.05195
2021-07-24,1.0024531199614324,62087552802.60452,46110441880.94885
2021-07-25,1.002305085345087,62150298514.33958,51078732780.1112
2021-07-26,1.0028856297745605,62035298715.44801,43060798847.184654
2021-07-27,1.0064675327484747,62186756799.6841,87720501569.91525
2021-07-28,1.004315108296533,62234987754.135956,65488125867.646065
2021-07-29,0.9975663218620914,61826846626.10663,62045341329.615135
2021-07-30,1.0032771292874911,62121870026.309555,44227225786.782166
2021-07-31,1.0021834363453637,62114781308.95088,55481278441.35013
2021-08-01,1.0001525169801917,61982505061.26139,49381844742.16617
2021-08-02,1.0032971481757589,62277717172.19945,50790427042.61297
2021-08-03,1.001059926781913,62235948822.67959,51360534464.77406
2021-08-04,1.0066964858693805,62418179896.02379,50117322090.727234
2021-08-05,0.9936301319601355,62018887952.65087,49828010654.856514
2021-08-06,1.0001347122032858,62246711954.47813,64426994853.92411
2021-08-07,1.0013032483337738,62311902806.26283,64400922323.84754
2021-08-08,1.000823329685905,62320920591.05877,76343156252.16708
2021-08-09,1.0015433844271733,62528591970.50717,71557817161.97499
2021-08-10,1.00509411606575,62530992250.835144,74432571540.15111
2021-08-11,0.9988195523618613,62714116807.460915,65194978746.79913
2021-08-12,1.0019241393385554,62917564699.41276,74371494540.5047
2021-08-13,1.0012357999957089,63262016420.84038,72065705126.52036
2021-08-14,0.9995715536725425,63170658193.728645,60466877018.797905
2021-08-15,1.0001194162315514,63506317810.85208,62758717544.31349
2021-08-16,1.0011938372885152,63683568339.24468,63903879901.43939
2021-08-17,0.9998269777614752,63948326323.205666,69259980945.51074
2021-08-18,1.0014830378212614,64394092487.11692,72440876143.01497
2021-08-19,1.0017999197302043,64430838255.01523,64659327807.57163
2021-08-20,1.0084185047052405,64498000091.569534,64949224291.4205
2021-08-21,1.001161378868162,64751172752.67498,60897603903.82812
2021-08-22,1.000481283470896,65031061327.552956,64032558324.40543
2021-08-23,1.0056134411464868,65323477628.598434,48676818757.0202
2021-08-24,1.0000891937397836,65164646791.382805,63450185050.95625
2021-08-25,1.0019886241739608,65445282987.35619,66526344855.71648
2021-08-26,1.000555508030765,65829983682.69565,63803332498.8003
2021-08-27,0.9968368656554902,65635362613.41195,61483045476.30232
2021-08-28,1.001392675534737,65932440977.79587,62528481402.73714
2021-08-29,1.000868875772331,65898684244.86873,49534809914.26845
2021-08-30,1.002129229090952,65810347296.26956,48188982102.5378
2021-08-31,0.9993568461762197,65898199595.46627,55804608063.10585
2021-09-01,1.0022102067553051,66120214794.147316,69335489587.16653
2021-09-02,1.0011427393995371,66048068488.172165,72109548048.23456
2021-09-03,0.9995155500191534,66094643840.359436,70543006790.26837
2021-09-04,0.9988649397504805,66805863938.192245,78221092961.3902
2021-09-05,0.99710219804087,66972242473.77342,68373910232.73963
2021-09-06,1.0004288181245948,67199682876.97891,68724863272.78864
2021-09-07,0.9999714467288541,67905439808.9109,76606648660.5461
2021-09-08,1.0015307774315565,68079879671.11529,132982284043.22202
2021-09-09,1.0035113613071207,69440355785.13605,106096351917.73431
2021-09-10,1.0037602354124957,69442556613.454,87350426696.89276
2021-09-11,0.9989844996558042,69151319362.9327,78831937625.01959
2021-09-12,1.0023842193721983,69259977035.20502,68482616889.803505
2021-09-13,1.010674084543786,70052465366.25742,63775009073.137344
2021-09-14,1.002465958078472,69480907310.65578,84213619418.71512
2021-09-15,1.0031700620851922,69533002536.36626,67613192900.958084
2021-09-16,1.0011990455450162,69396384924.59024,60094137365.78269
2021-09-17,1.001822844751921,69516780239.32883,65963229617.780426
2021-09-18,1.0045733218509243,69622935588.14761,57809831016.77041
2021-09-19,1.002295742849109,69503703942.77008,53536342230.729904
2021-09-20,1.0036286096950808,69596130936.817,52644305155.28111
2021-09-21,1.0002410329918325,69521719398.03432,91314255997.48254
2021-09-22,0.9918777939753823,69104773859.16185,85808893180.66243
2021-09-23,1.000755358295593,69542040675.65433,73738822420.25029
2021-09-24,1.001312817755819,69524647805.21138,63721474412.4363
2021-09-25,1.0000412548740925,69909498276.36485,85090629607.86754
2021-09-26,1.0028622381241443,69690920736.60127,63422704209.43763
2021-09-27,1.0035922171641198,69683532760.93185,71047794718.79817
2021-09-28,0.9947176084645623,69173287077.03949,64944551950.36729
2021-09-29,0.9968522146468529,69339344817.41685,59357602146.228874
2021-09-30,1.003546352848672,69575416296.99934,58421886323.27575
2021-10-01,1.0019639273595347,69520021605.50893,59373450628.82089
2021-10-02,1.002294117140799,69067396367.22952,76546216711.57822
2021-10-03,1.002970431751062,69069226755.27443,63059657751.09597
2021-10-04,1.0021788107787823,69113874336.21835,56279115641.37639
2021-10-05,1.0019183874160256,69149565678.90337,68459935985.74564
2021-10-06,1.0023136603839287,69039446922.98497,71994085696.69577
2021-10-07,1.0002134509272493,68940330351.21466,90730364994.83272
2021-10-08,1.0019793490583528,69153679449.04478,84443307840.81209
2021-10-09,1.0019431463254855,69269803971.06595,74432424236.9519
2021-10-10,1.001847548870957,69272618744.1542,64931192051.96627
2021-10-11,1.0012712436961138,69282890259.7031,65362047383.38599
2021-10-12,1.0036465642423975,69739533709.22461,71922119605.72949
2021-10-13,1.0017125789922714,69705691583.79837,66146145970.0371
2021-10-14,1.0028372618072177,69800578220.74155,70010581413.61295
2021-10-15,1.000940780646817,69638061209.82117,62076369115.389595
2021-10-16,1.0009005632727561,69586865296.0703,82702631102.2647
2021-10-17,1.0027794927034217,70147619752.58374,62084141023.269394
2021-10-18,1.002845303830606,69917271306.04384,51134503343.04918
2021-10-19,1.0003767434136628,70074600268.87062,61874874893.06968
2021-10-20,1.0038725261774444,69936270370.84071,57284066107.83254
2021-10-21,0.9999644707069164,70104463102.0962,62546170873.32983
2021-10-22,0.9983232776328071,70426351670.02061,77111048380.16653
2021-10-23,1.0040379087673863,70699830053.87726,69604343929.82585
2021-10-24,1.0051430563625818,70792324588.49191,52758017829.77415
2021-10-25,1.0047735362004342,70679207194.67644,61643865815.917015
2021-10-26,1.004107854815344,70815319784.74788,61843552131.13039
2021-10-27,1.0004895382547079,70895565804.799,70732310466.97664
2021-10-28,1.001533833075547,70922567494.52975,111079024895.2766
2021-10-29,1.0024887181516329,71063969239.02475,119751180052.9552
2021-10-30,1.001938652536891,71315484748.21617,83396711625.3134
2021-10-31,1.0023825534453994,71422333862.6945,76041095793.26897
2021-11-01,0.9999985721890838,71151207596.78554,81300388758.8545
2021-11-02,1.0014568582261634,71240202915.8933,78383184024.74883
2021-11-03,1.0044938328432924,71354969505.35703,926767674515.1359
2021-11-04,1.0021306321529129,71984975485.46793,129461749352.89844
2021-11-05,1.004365815595183,72351970648.42763,80429821680.38495
2021-11-06,1.0042649942790578,73061551588.98027,69935661471.98738
2021-11-07,1.0037147075821091,72974381348.26666,62148931495.45326
2021-11-08,1.0053853043952607,73749377876.57724,51023872196.6041
2021-11-09,1.000475560551435,74778838817.55164,76474192227.44539
2021-11-10,1.0011488958083177,74780223270.60342,85948918160.4393
2021-11-11,1.0050087826499667,75077270861.92938,102308318365.04454
2021-11-12,1.0006891807410665,74954116804.82545,75932344480.42873
2021-11-13,1.0054975693678914,74984703283.84624,77462009060.02536
2021-11-14,1.0041658775087747,75044087945.3216,59295211825.65452
2021-11-15,1.0073902518393547,75139550993.33946,49557582733.341286
2021-11-16,1.0018772638256277,74842834674.18434,58835988895.024796
2021-11-17,1.0024418424149308,74574774697.70978,90751452817.16142
2021-11-18,1.0068628424862547,74996127427.93594,76647805465.24744
2021-11-19,1.0024947873933088,74839689103.10695,84042430206.57727
2021-11-20,1.0081388942138585,74229030617.11084,73979354358.4162
2021-11-21,1.0056917265334524,74321124405.11768,61220689906.93662
2021-11-22,1.0030027014132286,74291815408.22751,59845824443.72823
2021-11-23,1.0002238536829753,73928379179.99261,70612347651.54381
2021-11-24,1.0014574448629683,73494502902.18185,79498269970.80035
2021-11-25,1.0006462577519246,73474319799.91458,78690316488.69682
2021-11-26,0.9981012716712335,73352503175.17024,83182243896.24495
2021-11-27,1.0002332221411112,73748556193.78314,93703953175.14479
2021-11-28,1.0010565448623998,73949327613.93976,65174231892.54135
2021-11-29,0.9990792036975646,73995047440.41933,64696459403.56725
2021-11-30,0.999671246842223,74251120216.92519,64422285127.49365
2021-12-01,0.9984956996806869,74252385372.04616,77903647940.8796
2021-12-02,1.0002391903807926,75043097238.20303,71739462615.37086
2021-12-03,0.9977433942964203,74875807714.30792,66463745821.07241
2021-12-04,1.000516429572158,75168454209.84581,80036898639.57993
2021-12-05,1.0007464666844286,75212215910.51723,116526991013.602
2021-12-06,1.0013614249204634,76606478055.06642,70119447909.29665
2021-12-07,0.9998202514294465,76491283330.87897,82163517270.613
2021-12-08,1.0014777345118404,77389032829.05327,65907345018.707634
2021-12-09,0.9998456677172128,77339876908.30652,59743800234.513725
2021-12-10,0.9980983937379269,77154353572.33357,59523661455.53611
2021-12-11,0.9964470361423838,76862460767.72542,60222119616.85119
2021-12-12,1.0001308614696685,77193390367.98996,52283713492.23122
2021-12-13,0.9993849560551755,77362822148.61008,41144647497.26082
2021-12-14,0.9974935997320863,77266043808.12828,60765150718.26841
2021-12-15,1.0021288172876905,77456641505.74622,66074380689.805756
2021-12-16,1.0002532736753147,77674023096.27138,71759566149.13818
2021-12-17,0.9994595425455134,77032025806.2482,54989839083.89934
2021-12-18,0.9983872529431141,77305287658.43419,66684874881.888016
2021-12-19,0.9999049136752695,77309517759.5561,56360326798.85925
2021-12-20,0.9986366387697503,77211484120.03555,50252938999.201775
2021-12-21,1.0031154352544778,77830601891.26454,65225513645.80567
2021-12-22,1.0023078392301832,77545654776.21895,53808596864.675186
2021-12-23,1.0013596178411093,77453048547.20584,52919369147.368576
2021-12-24,1.0029939607130471,77464257576.8489,61609424092.42059
2021-12-25,1.003063812129429,77872284861.31926,54356891469.00338
2021-12-26,1.0011658004083022,78082501156.49654,44025539295.41343
2021-12-27,1.001877026095947,78137948111.21103,45377838494.41153
2021-12-28,1.0005678641380735,78035844533.15807,48864847059.14342
2021-12-29,1.0004601482447002,78185516708.31612,64358413846.65348
2021-12-30,1.0022754173528616,78072057579.75955,55583893985.17862
2021-12-31,1.0013363724084388,78441569755.0627,48868049781.13505
2022-01-01,0.9985822067753996,78396945715.20705,49196717110.794
2022-01-02,1.0056235944782979,78778422990.22394,38101900234.8178
2022-01-03,1.0004834410206112,78481342990.46407,35584063769.97802
2022-01-04,1.0009629642368902,78388221317.46565,49571178475.13844
2022-01-05,0.998683448070849,78502373120.63478,52215823893.78333
2022-01-06,1.0030243967228383,78772213379.47408,66142943858.51873
2022-01-07,1.0011714415556676,78639572254.37476,61506467926.2826
2022-01-08,1.0020948041790443,78498478179.95493,76248643217.62045
2022-01-09,0.9976930894854255,78296609765.25183,54020042907.91013
2022-01-10,0.9994756681661351,78054241928.21689,43865832492.319725
2022-01-11,1.0010964178053856,78481657326.50516,61684214451.0833
2022-01-12,1.0004184134103478,78555065237.06415,62955340038.965225
2022-01-13,1.0009724442124854,78482021769.54866,51924932037.69593
2022-01-14,0.9994785132702563,78355483482.74783,51257929068.77951
2022-01-15,1.0008938665523355,78464443412.05641,50376244119.025055
2022-01-16,0.9997643619664417,78324639022.77094,36607366340.40375
2022-01-17,1.0003035122847985,78423364533.0672,37225946173.96483
2022-01-18,1.0021094070453456,78444685549.6485,45484203025.236595
2022-01-19,1.0000219739771505,78383467334.16917,46772567826.102325
2022-01-20,0.9989611725064559,78380618748.3185,44980654361.771034
2022-01-21,1.0000747517865742,78282598756.5387,46245235378.69177
2022-01-22,0.9992637307756992,78144826788.17023,79895239034.54547
2022-01-23,1.002512029618617,78448336904.83098,85185402829.27399
2022-01-24,0.9999797822943525,78310182894.22586,56471809484.07798
2022-01-25,1.0052319388050988,78669518055.59192,80137055338.21915
2022-01-26,1.0014279659130063,78269272661.22821,53644306754.64893
2022-01-27,1.0016301524158788,78752828371.71567,60759985595.43315
2022-01-28,1.007037931893717,78718773465.92612,50779345547.06622
2022-01-29,1.0018345700748814,78249351192.82198,45928958736.335396
2022-01-30,1.0031558349203331,78366901630.80772,34858716523.786575
2022-01-31,1.0018702555740038,78198382292.98561,30309259657.797886
2022-02-01,1.001617418626529,78062781790.12593,37880065303.479805
2022-02-02,1.001444586769309,78016936424.95024,36738926224.11053
2022-02-03,1.0019361690616142,78038075903.61313,38064751930.15537
2022-02-04,1.001402212894569,78064010105.8155,36776101831.00063
2022-02-05,1.005529502788197,78063205577.46619,50685760562.36626
2022-02-06,1.000455591385744,78062854577.88782,43588245322.142845
2022-02-07,1.0003523320463825,78163472783.75064,33266025688.037
2022-02-08,1.0012987622509235,78096593702.1292,54365206254.77577
2022-02-09,1.0014548302040605,78040221424.51448,60947743992.19939
2022-02-10,1.001174307069499,78012911279.40565,46432189640.58866
2022-02-11,1.0016565674778903,78515301961.99727,59989477769.37027
2022-02-12,1.0020449626089414,78510632875.05116,51966812957.19449
2022-02-13,1.0020008637493076,78531121017.32762,39233603347.596634
2022-02-14,1.0011599948503922,78636273860.4074,31004587960.23733
2022-02-15,1.001155966630674,78558940144.38037,38881809504.44803
2022-02-16,0.9995509977044794,78623518666.25392,42565819142.54067
2022-02-17,1.000756655397037,78732790424.18773,38282719860.16241
2022-02-18,1.0010632835643904,78772769797.8431,46341543317.71934
2022-02-19,1.0004173027164918,78727591077.37378,40751384129.85855
2022-02-20,1.002343955585375,79138436958.11234,28774290103.614235
2022-02-21,1.0010460394543115,79163080614.69766,34349093215.632732
2022-02-22,1.0019240318204419,79390647858.42392,51529444154.03208
2022-02-23,0.9995265690819911,79377609210.60992,46543371876.529366
2022-02-24,1.0019596616808664,79629945704.38928,42296974020.448364
2022-02-25,1.0011559240873227,79631571239.38417,82085176750.29387
2022-02-26,1.0024861622616956,79474403712.63367,51572337442.00359
2022-02-27,1.002471502929657,79679402405.45334,36450975757.51074
2022-02-28,1.0025360426190741,79854422104.08676,43608439456.52026
2022-03-01,1.0001039995893672,79537958059.76778,58228899349.40055
2022-03-02,0.9993903527468111,79425591343.52524,59260916136.981316
2022-03-03,1.0012250061922392,79854759317.0957,54698413126.26298
2022-03-04,1.0009026478001057,79609484426.04549,48949394776.17179
2022-03-05,1.0015430892703179,79843809462.27557,55857406539.94197
2022-03-06,1.001638339980918,79862020237.87378,40346648679.51757
2022-03-07,1.0009572741070856,80091190392.11061,40268847176.724266
2022-03-08,1.0000550864514064,79896920564.49644,53909005589.53851
2022-03-09,1.000162522523462,80070927070.8303,51012477502.71424
2022-03-10,1.0001962064350902,80044018129.69551,54786660759.04603
2022-03-11,1.0009914733294065,80042053179.78703,54043624747.65513
2022-03-12,0.9995716448698407,80132712133.51192,47548003128.115746
2022-03-13,0.9999665056117946,80116438307.62099,29810718667.115242
2022-03-14,1.000709509729981,80129528500.24916,32010808554.124603
2022-03-15,0.9997050107093839,80072305020.48819,41243569480.33183
2022-03-16,1.0002701882169003,80062438312.3427,41933112358.22615
2022-03-17,1.0008959695250852,80082861270.62189,58480673201.282265
2022-03-18,1.001182884815684,80158683653.48831,41525704846.59936
2022-03-19,1.0013238153741784,80532285250.16223,47704991187.76158
2022-03-20,1.0002337243292465,80740243739.43092,41718338151.79512
2022-03-21,0.9997056645299373,80827449076.5998,41659828611.01242
2022-03-22,1.0002161567819432,80724926154.58902,48077040241.649796
2022-03-23,0.9996097475057055,80845440414.56433,54922193565.53534
2022-03-24,0.9983480265630348,80751116254.44928,49806641102.023575
2022-03-25,0.9996152844491702,80927589776.60255,57449889702.645706
2022-03-26,0.9997329751222941,81291023434.88872,54358882016.15232
2022-03-27,0.9995156908591945,81304845676.71568,33541378468.56302
2022-03-28,0.9987822978903634,81196385910.77495,47314345458.72175
2022-03-29,0.9977101902573328,81349955673.2749,68760231988.86754
2022-03-30,0.9997415220319847,81664851060.03252,64361346393.19457
2022-03-31,0.9993940566500813,81930453189.4068,63808614297.02513
2022-04-01,1.0008077952516221,82044965080.22784,71216398927.78795
2022-04-02,1.0002796048304283,82105881308.2258,75778712620.1088
2022-04-03,0.9996445747743913,82272678352.12729,64785681630.30662
2022-04-04,1.000689208610747,82388674420.82678,54545569031.49016
2022-04-05,1.0005960915393939,82449008615.80792,65141274081.00011
2022-04-06,1.0008745206708878,82412689459.25401,59834020421.38003
2022-04-07,0.9997690801748393,82422893105.15454,79495709485.20483
2022-04-08,1.0002149312757802,82509660677.2317,56302450091.23148
2022-04-09,1.0008544368342465,82582177981.31122,58600559397.987625
2022-04-10,1.0006291587185625,82608650898.85965,37078489713.303
2022-04-11,1.0009235374761474,82714703437.73296,37485416838.87201
2022-04-12,1.0009510266137986,82634863680.08965,64848734795.277466
2022-04-13,1.0015217695191903,82881751671.08333,62450044403.596436
2022-04-14,1.0015691778028522,82736682156.53658,52779464627.57896
2022-04-15,1.0012285369494556,82795954521.31792,48379418415.34399
2022-04-16,1.0005182605276972,82766275585.9142,39858532327.79374
2022-04-17,1.0009584476884474,82797938661.11595,31915932062.307056
2022-04-18,1.0008919375805128,82811298303.06853,35874456217.82452
2022-04-19,1.0007810191354598,82792973864.84837,62683460754.04553
2022-04-20,0.9996658533214738,82787027489.10574,52203857295.402336
2022-04-21,0.9999946212135405,83021908771.50435,58792094904.72536
2022-04-22,1.0006163242434516,83120398074.31392,68187502635.603615
2022-04-23,1.0001412686631954,83182809347.61438,55616984621.238464
2022-04-24,1.0010142684354009,83198500616.62434,35138284203.69233
2022-04-25,1.0002185929503484,83221428015.88246,35477151594.79549
2022-04-26,1.0001622568202189,83139688331.49197,66371722904.84553
2022-04-27,1.0005013171014638,83214573094.12813,62432563644.81657
2022-04-28,0.9998493401497465,83154011772.12584,56020755570.758125
2022-04-29,0.9996537859861441,83139556788.14339,60407700489.92876
2022-04-30,1.0012216168901436,83229249234.98518,58256039342.06173
2022-05-01,1.0032689168029283,83424696945.27954,46803422697.199295
2022-05-02,1.0013790619870837,83267550080.02553,51024532583.465034
2022-05-03,1.0005221894277254,83147512568.42366,54204899478.984985
2022-05-04,1.001090151178248,83241023585.97873,42588775990.10183
2022-05-05,0.9996788744004061,83185453774.38527,58210506142.83146
2022-05-06,1.0003777855190839,83270750870.97081,69231991898.26894
2022-05-07,1.0007634262592542,83284503885.03922,62277908159.216255
2022-05-08,1.001630847500449,83355823232.93599,43766711609.74511
2022-05-09,1.0017268923180958,83279712048.29787,62841996907.1689
2022-05-10,1.0002380044477386,83264870157.7176,103063943707.14838
2022-05-11,1.001218158481605,83248981251.48763,112588631117.7101
2022-05-12,0.9959687792379175,82690895711.44499,149603764419.6389
2022-05-13,0.9980525086279798,79438155501.21606,132259308337.14517
2022-05-14,1.0006098105286818,78910081379.14339,75813499555.86333
2022-05-15,1.0031048134084175,75987316850.90068,54179108733.14907
2022-05-16,1.000853787522889,75895175498.49956,48374792028.868126
2022-05-17,1.0013712362217597,75855994702.69917,58842890813.476
2022-05-18,1.000585742630391,74309953980.40013,48961061703.367714
2022-05-19,1.0002281580012902,74284590322.70355,47953137802.733154
2022-05-20,1.001081828228837,74305004327.94095,51671115899.792564
2022-05-21,1.0012535537972191,73306682137.62425,47031193645.86664
2022-05-22,1.0008286824717343,73335816773.29922,29398599782.78087
2022-05-23,1.000241015724455,73292755418.56763,33846701614.601044
2022-05-24,1.0002489308363216,73293335399.14137,48656268210.312294
2022-05-25,1.0000827867553639,73281161166.42685,42574391547.36637
2022-05-26,1.0002520711114598,73283972220.11108,41044607104.102905
2022-05-27,1.000913417497381,73342226815.48833,58941772868.09168
2022-05-28,1.000572052530444,72578744671.24936,59487875388.23608
2022-05-29,1.0014754081567552,72569743808.66728,32984797770.589886
2022-05-30,1.000287053860536,72631887214.77895,25621699607.25038
2022-05-31,1.000411218451647,72546423763.60416,57255328109.99732
2022-06-01,0.9992437672892835,72483593605.70987,49972016539.31704
2022-06-02,0.9995691882631984,72507199138.61003,54691364502.28903
2022-06-03,1.0003054822238002,72606704176.49724,36976444033.34675
2022-06-04,1.000424635007025,72574254041.19345,32247511606.470272
2022-06-05,1.001021005076998,72563385811.28702,20408536351.025272
2022-06-06,1.0001014477721393,72550808924.27303,20339048017.316334
2022-06-07,1.0003217943958225,72460594246.57196,38813144709.48214
2022-06-08,1.001398919157062,72521860046.8122,52407169265.7973
2022-06-09,1.000681381029651,72479902354.95128,40758288442.05518
2022-06-10,0.9998560792479723,72483632298.7905,27684871362.012295
2022-06-11,1.0003491598181757,72520688667.83943,36433993612.708046
2022-06-12,1.0000074399255752,72576221406.54123,36455427345.93367
2022-06-13,0.9981758319456596,72537430319.23059,45470539957.97197
2022-06-14,1.003878535371738,72574376064.58528,97670512389.2243
2022-06-15,1.0008068657262768,71656901175.2088,77729840012.58226
2022-06-16,1.0027575782635136,70968169286.60156,85953586536.11925
2022-06-17,1.0024399187876885,70235527691.20668,50448023703.66962
2022-06-18,1.000689455739328,68278037848.465485,43923972966.941475
2022-06-19,1.0009349010751099,68151264125.48352,59241588503.518684
2022-06-20,1.0003130006690166,68007814323.779625,55314266867.93907
2022-06-21,0.9999209798555834,67174324823.029976,48000738299.93779
2022-06-22,0.9995129710953515,67044714784.61816,44528688377.55739
2022-06-23,1.0011153911297273,67075479327.27952,41441873470.93056
2022-06-24,0.9998742920182467,66969005414.49898,43868691242.77724
2022-06-25,0.9973063093540515,66944585773.38764,39867284342.63236
2022-06-26,1.000583329546588,66939386054.83684,31310349043.248238
2022-06-27,1.0025643221805622,66896800206.77796,29655045289.054756
2022-06-28,1.000569556222689,66844453092.32324,46386542636.13615
2022-06-29,1.0003343236487499,66839986606.59425,48991691771.60869
2022-06-30,1.000997159498762,66515975964.05574,53912475028.56742
2022-07-01,0.9970630448384864,66360128640.29797,55599294671.52515
2022-07-02,1.0021605938631213,66302770832.38144,63310569395.484764
2022-07-03,1.0014859049436156,66302512371.13947,37636103657.92448
2022-07-04,1.000758919716986,66115548336.29838,37816572789.86819
2022-07-05,0.9997966988685488,66068105560.54174,47779833723.51042
2022-07-06,0.9989114936835196,65971651201.83549,54410348935.16554
2022-07-07,0.9994609573231975,65985847014.49804,51804920793.75628
2022-07-08,1.0009280890702419,66058697133.58462,46101885052.58206
2022-07-09,1.002874734302833,66180636451.069885,66056522019.2848
2022-07-10,1.0009326456865346,66001881637.05004,50504901220.45543
2022-07-11,1.0000567158769318,65994672794.216354,48915494239.608665
2022-07-12,1.0002150088569561,65967920675.79629,47010615497.16083
2022-07-13,1.0005471433364475,65924529650.69398,46735438947.48022
2022-07-14,1.000792607239174,66037742419.186584,57372856754.628365
2022-07-15,0.9998924467410043,65822635783.93115,55627617722.75524
2022-07-16,0.9981328565690334,65773604144.96095,48311326146.02206
2022-07-17,0.9995886274725434,65849217963.17656,39784557348.268524
2022-07-18,0.99960320952808,65850178575.29938,97209236866.97978
2022-07-19,1.001980812638723,65849963622.2697,74599472762.12216
2022-07-20,0.9999311903587015,65918469156.427505,76153937997.56937
2022-07-21,1.0002471271640565,65892597498.04063,70821025764.34108
2022-07-22,0.9997382595983025,65951824235.333176,59647310765.2657
2022-07-23,1.0002496307277506,65854001213.285965,56089014934.2524
2022-07-24,1.0017963050753105,65941857078.86505,48176456986.33117
2022-07-25,0.9999470829036579,66009063586.28748,49823293434.56326
2022-07-26,1.001909380755624,66109067857.12983,57326014506.90179
2022-07-27,1.0011127252095455,65949619909.8602,55300482214.819466
2022-07-28,0.999394558476252,65938951130.35061,67731139772.19216
2022-07-29,0.9992808277936228,65896189151.3972,908986948368.2067
2022-07-30,1.0004956846069037,66064247521.139114,71040850998.63116
2022-07-31,1.000525950869993,65998757244.06003,54545523440.54871
2022-08-01,1.0012843339941335,65871066520.41806,50160771896.33053
2022-08-02,1.002590053008295,65897271979.41255,53506289496.41531
2022-08-03,1.0025511168982089,65946593628.24624,58434158987.97218
2022-08-04,1.0013672449436495,66048905466.55481,50576621793.81834
2022-08-05,1.0013739325659168,65884052340.8804,47087513786.0626
2022-08-06,1.0008735772025403,65906913334.12349,51657464597.89725
2022-08-07,1.0009095495328149,65935699280.72453,36100819178.885475
2022-08-08,1.0000955135553273,65900531595.862015,31965805747.839172
2022-08-09,1.0016181404794813,66588298054.16226,51732933511.28372
2022-08-10,1.0020644319854812,66643782686.95675,46268391132.19034
2022-08-11,1.0005953454285392,66824158933.72832,58980574520.07758
2022-08-12,0.9999155266565811,66803034990.50529,62752878357.1193
2022-08-13,1.0019987140879605,67033676582.9512,46371786468.18651
2022-08-14,1.0005879906034247,67336058431.295265,43537342749.04279
2022-08-15,0.9995331457337292,67391244058.67241,44885263235.04348
2022-08-16,1.001841665902949,67652985767.09705,57625412321.61975
2022-08-17,1.0009894925382294,67628387530.74783,48208349895.61974
2022-08-18,1.000875305217222,67661309991.09669,54358380616.31724
2022-08-19,1.0012405130032545,67599397338.533615,42090137658.37553
2022-08-20,1.0033352349722349,67613790592.34826,63302882757.68369
2022-08-21,1.0008164940622664,67636574571.28297,46233757335.90432
2022-08-22,1.0029696738139535,67709967896.07332,42255111231.61164
2022-08-23,1.0007019012345473,67459980598.661224,50548635958.83002
2022-08-24,1.0012089313245762,67595655943.20196,56598212569.37236
2022-08-25,1.0009411985366758,67662286384.41471,37039750574.43712
2022-08-26,1.0008814201827085,67607803889.07153,34809123287.71343
2022-08-27,1.0036789592741073,67603617552.80545,44419821917.54289
2022-08-28,1.0006185613501988,67491483345.88653,30622120566.75287
2022-08-29,1.0035703965162415,67758458419.37183,23155042045.79103
2022-08-30,1.0014288003625917,67565637622.98869,35417745060.284706
2022-08-31,0.9995544629014373,67519668194.44912,38865747816.686295
2022-09-01,0.9996408880046704,67580452604.835976,36863645337.5263
2022-09-02,1.0009025303430277,67566686586.32284,34802151033.14091
2022-09-03,1.0004663313496631,67589758604.17418,33809698241.793972
2022-09-04,1.0013142277388347,67621840541.26844,23428663482.634327
2022-09-05,1.0000282371585272,67552311534.993935,23937730079.25085
2022-09-06,0.9976409830850305,67462799318.13787,30224237112.899185
2022-09-07,1.000533131699609,67553030576.27932,52031455666.864075
2022-09-08,1.0001430707949726,67550650693.042984,42962093145.40324
2022-09-09,1.00024511262873,67563856236.753395,40601398955.8924
2022-09-10,1.0006808085641168,67559691716.583244,58186783978.807365
2022-09-11,1.001126844567952,67616934268.85489,44922345455.78997
2022-09-12,0.9987141519897952,67621935137.52143,38020536333.84481
2022-09-13,0.9987535962328009,67670900660.71105,52565815667.173744
2022-09-14,0.9997880847922771,67937100888.36377,58063643357.98546
2022-09-15,1.000629490269563,67875153355.231544,46713912644.377174
2022-09-16,1.0002190356530958,67891357718.121574,50060584473.28158
2022-09-17,0.9997480764150961,67984908907.33317,39890000684.23793
2022-09-18,1.0002595756294854,67929683638.52679,28768839342.097153
2022-09-19,1.0017357519975174,68047634333.75496,37379866281.023186
2022-09-20,0.9999488114654055,67939949725.58882,49397242980.145035
2022-09-21,0.999982284892132,68008979229.87418,41212254916.07298
2022-09-22,1.0008413506665708,68008869299.22897,49684226032.52437
2022-09-23,1.0003815920871861,67906039948.3166,45518094563.55377
2022-09-24,1.0008938283059103,68027171287.0883,46315125196.18761
2022-09-25,1.0005142731495034,67976902021.59561,31895001290.073803
2022-09-26,1.0008204232881066,68047936265.74275,28190433126.979965
2022-09-27,1.0010680881842458,67930817962.00264,184413798299.58835
2022-09-28,1.0006753044546857,67982225347.23598,59462886554.4584
2022-09-29,1.0016855666339106,68019534015.30044,53408344753.0263
2022-09-30,0.9999827356842071,68018936942.06588,43981415821.69666
2022-10-01,1.0008682490919651,68032463504.97388,44169815650.11315
2022-10-02,1.000525820081537,67985211418.08468,21668992633.688766
2022-10-03,1.0019758689613976,67852870798.587524,23799534339.291355
2022-10-04,0.9999689833860179,67955487841.613365,32437902531.47961
2022-10-05,1.0001903996024886,68146472900.634766,35921416944.899734
2022-10-06,0.9998863883696085,68249512085.343575,34389944867.26382
2022-10-07,1.000209876870579,68240186691.13497,36750092116.7274
2022-10-08,1.0016397444331944,68360023403.83701,31438334493.592606
2022-10-09,1.0002425931347363,68384660011.30266,17963983007.547638
2022-10-10,1.0002496130811345,68308301853.70279,18466922347.504112
2022-10-11,1.0000768568275784,68465529813.593346,30080548476.6878
2022-10-12,1.0003855286005323,68428561681.45524,31641663466.52827
2022-10-13,1.0000606748135323,68433385613.54075,27880038583.928944
2022-10-14,1.0004621645499994,68454082242.04629,47643304506.82852
2022-10-15,1.0007800264523838,68389617989.81952,41444709430.76257
2022-10-16,1.0001653257329997,68388940699.011696,19333334085.86333
2022-10-17,1.0001040458178823,68445138503.118774,21715929164.966774
2022-10-18,1.0000365528779167,68416637689.73752,30096016792.83464
2022-10-19,0.9997913618017134,68473113039.735085,31092126677.319115
2022-10-20,1.0007946853290213,68452826677.49308,31334359788.156036
2022-10-21,0.999756983687424,68446610236.90032,32639750034.81643
2022-10-22,1.0000824534348054,68465349602.0029,37548310707.929756
2022-10-23,0.9999683452111616,68458383191.545166,19582168293.08256
2022-10-24,0.9994351849351343,68424379026.95898,27459706506.54703
2022-10-25,0.9989384081114514,68401790564.43543,37229553780.411156
2022-10-26,0.9998878276861547,68515959469.884926,52750656997.382195
2022-10-27,1.000024986168923,68539062510.87245,66871458415.177536
2022-10-28,0.9997997533795946,68889141732.72426,56959640808.52499
2022-10-29,0.9996207760018387,68964914947.12599,51258331483.202354
2022-10-30,0.9999481872906462,69095205493.06725,58797054524.7859
2022-10-31,1.00005289226143,69094359478.10323,44213807579.337006
2022-11-01,0.9997744061325425,69380585989.30975,56271256469.37851
2022-11-02,1.0002449072264061,69425689152.10635,57085293472.77686
2022-11-03,1.0004578181627852,69431437615.846,70398948700.71053
2022-11-04,1.0003946184441876,69350142130.99507,61098517917.25042
2022-11-05,0.9999178082464654,69355263616.87975,107040637620.13431
2022-11-06,0.9997363316921275,69350525154.05742,79264413865.44206
2022-11-07,0.9997881883783021,69346001162.83171,73874199409.92229
2022-11-08,1.0006307160699452,69511154153.31842,93016469924.66942
2022-11-09,0.9999400443953467,69513632100.61911,129388386062.14882
2022-11-10,0.9935871527774072,69466521505.56256,108993876463.31145
2022-11-11,1.0001194517723697,68441044955.661415,98327010463.73619
2022-11-12,1.0035940661155947,68399398020.52115,63335359287.79127
2022-11-13,0.9998606436908576,67396572037.204094,33697110284.29813
2022-11-14,1.0004819362799917,66441439081.88792,31356687807.689552
2022-11-15,1.0010415086496534,66459223430.902054,52391831358.02371
2022-11-16,1.0008003735784126,66125312403.21258,38525546061.9857
2022-11-17,1.0010894903954044,66019772913.77536,36791792662.71105
2022-11-18,1.0016446513711867,65972069594.07388,30033424551.30771
2022-11-19,1.0003420632302134,65986696851.80106,27854759035.62173
2022-11-20,1.0002046184744031,65965182392.95004,17132635759.571655
2022-11-21,1.0014612684896278,65964018960.94639,25402529237.82819
2022-11-22,1.000944188949225,65939717655.37897,45020483379.111
2022-11-23,0.9990451854495718,65597886005.57602,36813082386.050674
2022-11-24,1.0005017045923228,65543712562.18742,38156998382.6669
2022-11-25,1.0005754481359477,65367598699.39223,31046703494.934116
2022-11-26,0.9996752496876327,65345701967.116714,26511192322.847065
2022-11-27,0.9997564666505927,65338517247.26141,25414680533.209244
2022-11-28,1.0009234782182141,65432655693.52283,23338998168.71224
2022-11-29,1.000362069422928,65361591999.46574,33916231626.976875
2022-11-30,0.9999910349806024,65366405161.820755,32619584473.59502
2022-12-01,1.0011031596655466,65511131600.92582,40073068049.005104
2022-12-02,1.000496085709395,65641200262.3192,30289334225.19933
2022-12-03,1.0004647674561413,65388426943.75712,27666464715.01044
2022-12-04,1.001017510359532,65769558099.30616,20407865657.883003
2022-12-05,1.001229972459558,65557951753.473175,22242975524.12063
2022-12-06,1.000762435871249,65546686928.49787,29795721412.54028
2022-12-07,1.000578215279545,65558601840.21761,26621802985.98367
2022-12-08,1.0004010259826375,65717867682.57215,26719301846.90856
2022-12-09,0.9999380331646442,65681144306.21768,27612891122.21617
2022-12-10,1.0010758599269076,65770950095.572876,27603803218.887566
2022-12-11,0.9996724421810115,65729244224.59175,16962637002.471947
2022-12-12,1.0005257773348109,65766093056.06259,17480426954.682953
2022-12-13,0.9993431706535874,65688467049.99374,28341377733.83306
2022-12-14,0.9997095707071204,65815203375.07555,42878758919.11892
2022-12-15,1.000156186305869,65978794246.08342,34288915681.557587
2022-12-16,0.9986233990493187,65997016215.353096,27062224028.082382
2022-12-17,0.9987556722532764,65770714186.31364,33749705716.237495
2022-12-18,1.0013050423898513,66069871457.42192,22424852850.92593
2022-12-19,1.0005075196236295,66163136479.42052,14641156832.51097
2022-12-20,0.9994192299019654,66174433958.500084,22583858366.235508
2022-12-21,1.0001087597169165,66210497794.15593,28627896473.676464
2022-12-22,1.0006214529552226,66222410592.693405,19605882459.766457
2022-12-23,1.0005575780454534,66253234080.76853,21251719991.77933
2022-12-24,1.0004875013039103,66290527437.95575,21612186149.70171
2022-12-25,1.000493371410415,66280331784.85776,11471482054.973747
2022-12-26,1.0008016533688182,66260084337.19826,15329932244.94944
2022-12-27,1.0001602007784558,66289979631.46615,15260309705.268675
2022-12-28,0.999994355125136,66241360621.11682,20212268347.182465
2022-12-29,0.9998142789375868,66232030177.68255,23443876809.13928
2022-12-30,1.0003044019616685,66255815696.12944,20857568338.996128
2022-12-31,1.0000444342954482,66279043570.31453,20613839547.6005
2023-01-01,1.00012617702721,66226451754.38176,13764722594.02165
2023-01-02,1.0005637325821952,66301858477.74817,11425365866.765827
2023-01-03,1.0001788538417578,66223251669.25232,17265085804.683693
2023-01-04,1.0000540133479403,66274058933.38085,19667731491.260685
2023-01-05,1.0001685921325143,66245545660.29001,26466084967.556084
2023-01-06,1.0000227432797348,66278648652.01702,20090153260.798477
2023-01-07,1.0000023574831551,66263334312.75015,26274408965.5278
2023-01-08,1.000490589115965,66272451611.88523,13126628968.52074
2023-01-09,1.000345081317441,66295359783.54114,16557290439.478527
2023-01-10,1.000744690234985,66315047027.9915,38371608148.876945
2023-01-11,1.0001733499696177,66307828854.78396,30382590558.23174
2023-01-12,1.0009970234359808,65470424457.41479,32900275874.211308
2023-01-13,1.000375015855062,66278004907.72334,56073842995.37737
2023-01-14,1.000600970171644,66317495370.291145,47848357206.29852
2023-01-15,1.0005018241031975,66305842236.8753,67079943134.02112
2023-01-16,1.0000898168712178,66370266581.06579,33492739683.695633
2023-01-17,1.0001305682838262,66315382010.56667,44340026378.20709
2023-01-18,1.0001525686214603,66472290219.18532,40916940820.362335
2023-01-19,1.0012953124770996,66549279927.0732,52187459970.83677
2023-01-20,1.0004474545861697,66542669715.76394,33784531494.328762
2023-01-21,1.0007310830194815,66542663619.61765,46265487171.216606
2023-01-22,1.0000225976213348,66376505551.62937,52081373665.21727
2023-01-23,1.0008467713701092,66739726193.22115,42222010836.61702
2023-01-24,1.0021084955738102,66692161993.527954,45160860744.9084
2023-01-25,0.9996823898445337,66885882203.16084,43370440803.62482
2023-01-26,1.0020012803465694,67139928234.07279,51482340092.66992
2023-01-27,1.000460898497005,67240886056.865845,45669776007.21412
2023-01-28,1.0012324453315866,67373574300.06389,46018664576.11246
2023-01-29,1.000894574927383,67569736303.8954,28907188582.269924
2023-01-30,1.0012925681988971,67687123254.52642,44842327473.842926
2023-01-31,1.0014201495011363,67779797060.88225,49267517476.44744
2023-02-01,1.0007402382204014,67834965073.44664,41165769630.836136
2023-02-02,1.0011515412050378,67846146300.35402,47555216435.57039
2023-02-03,1.0021261840493765,67892950614.04458,57189832973.14415
2023-02-04,1.0003629998909176,68042153687.37086,50793632471.502014
2023-02-05,1.0011961843414285,67944713474.216835,29838048924.02014
2023-02-06,1.000267950858493,68114172206.9055,37086074965.91123
2023-02-07,0.9999977658204721,68043274844.16859,40249156561.89053
2023-02-08,1.0007269125254412,68265208037.89304,48461129566.939766
2023-02-09,1.0002810515274163,68160499147.645515,49961937748.3102
2023-02-10,1.0005512711243139,68193338996.94423,64697984566.80292
2023-02-11,0.9998770257536755,68366557129.943596,52760189299.02264
2023-02-12,1.001219522060017,68457150720.6405,29798554738.12227
2023-02-13,1.0007546303535833,68490999406.460625,32098131137.762363
2023-02-14,1.000397470820415,68427597807.13527,58531239696.66817
2023-02-15,1.0007037602970557,69541171926.41,60633824927.9751
2023-02-16,0.9998335813969325,69502620730.9046,56998699690.78335
2023-02-17,1.0053702176258374,69826536196.88829,62944637855.555725
2023-02-18,1.0001364324569622,70292722478.4183,64414293061.83208
2023-02-19,1.000518056664825,70285569098.16228,33905087115.017
2023-02-20,0.9992989455271616,70451072573.33218,45617031107.12913
2023-02-21,0.9994061411430225,70418439340.4688,52168477098.17428
2023-02-22,1.000438699565148,70456590555.39325,52637879766.99426
2023-02-23,0.999477602329776,70766136200.36801,51233553288.689095
2023-02-24,1.0008228823336034,70680138527.9615,49981035028.415016
2023-02-25,0.9998231210443658,70811129790.09048,49594083160.91451
2023-02-26,1.0002100500138307,70832978696.81664,30555751037.081158
2023-02-27,0.9998056785140832,70797067115.66945,30368284334.604824
2023-02-28,1.0005816427511893,70918517287.47423,35987227108.10623
2023-03-01,0.9985425261696153,70926090372.52197,32718069236.408424
2023-03-02,0.9998604345550359,71094389016.40314,39912620572.02337
2023-03-03,1.000015658074715,71089143266.10973,34398789164.08141
2023-03-04,1.0007491007362905,71194848065.08534,44302959604.19779
2023-03-05,1.001415496893049,71520391290.3789,19021734087.469986
2023-03-06,1.0001882860833844,71463081677.24242,20651547846.011684
2023-03-07,1.0003612473323575,71606102630.76941,27019419679.632496
2023-03-08,1.0008495152289711,71688065511.9664,37662456574.672844
2023-03-09,1.0000153511947683,71860457290.5982,35716759861.88099
2023-03-10,1.001743036848679,71814779749.86282,50624387739.9849
2023-03-11,1.0009700442971592,72084236470.97087,66020694287.6996
2023-03-12,1.0029250302397972,72265947202.17673,67994848432.13668
2023-03-13,1.007302509145363,72386888341.06775,52711790162.64604
2023-03-14,1.0036596765164458,73224130980.1188,87780961462.05852
2023-03-15,1.003881764774697,73662783701.2793,88711070851.06427
2023-03-16,1.0065838509569198,74750701091.58803,80989287076.21484
2023-03-17,1.0069881467210517,74845805871.10883,55711184030.5586
2023-03-18,1.0,76181018246.9454,46955253597.99999
2023-03-19,1.000000000000008,76220833431.4474,43345175884.0
2023-03-20,1.0056104594393585,76784764102.20827,52736294701.00001
2023-03-21,1.0095940522274818,76852694601.8154,50214824170.0
2023-03-22,1.0069317095125425,77348485075.2475,50999818712.0
2023-03-23,1.007806772921929,77988820276.12372,51748798673.78007
2023-03-24,1.0047654136364954,78372882681.58614,32259255206.060497
2023-03-25,1.0019190880784417,79581658858.01941,34121646700.66709
2023-03-26,1.0076035228333418,79623139461.57642,24400779907.98165
2023-03-27,1.001102557238932,79174842323.5603,23064969258.59126
2023-03-28,1.0020172443568969,79555652816.88434,29501041702.53728
2023-03-29,1.0010613610598385,79597410585.38544,27646476417.498695
2023-03-30,1.0006765727836773,79636370260.18375,32482599442.832207
2023-03-31,1.0006736495347306,79708195096.12521,34656392597.79841
2023-04-01,1.0008899282242656,79808588133.30806,29874023429.955433
2023-04-02,1.0011873383652106,79772056639.103,18039579982.779892
2023-04-03,1.0020219599650837,79792660516.37926,18937046329.747795
2023-04-04,1.0002890478121205,79874799190.06126,33846295418.619293
2023-04-05,1.0011890462779678,80081067435.1964,27307278314.97007
2023-04-06,1.0002644819073356,80140266879.62009,27633691850.591934
2023-04-07,1.000621433410576,80188675274.39629,22623151065.65078
2023-04-08,1.0011058570577147,80268298419.65393,18548285385.588577
2023-04-09,1.0010214146819667,80306857722.22342,17557605161.695118
2023-04-10,1.0013587032512785,80310814337.5286,19218489631.17867
2023-04-11,1.0011665125287472,80390805147.35063,26264825227.789898
2023-04-12,1.0010535546166355,80526255295.43082,28280855887.545532
2023-04-13,1.0007944670821702,80667591426.44553,30664802859.927193
2023-04-14,1.001765945894071,80886569881.39658,28798275094.47395
2023-04-15,1.001115281273318,80869263894.07669,38652292144.266685
2023-04-16,1.0006996712002458,80993005658.63786,21813314655.312077
2023-04-17,1.0008969706648332,80983997260.14981,21180143607.523533
2023-04-18,1.0015826257626514,81022519469.1722,29680367897.540672
2023-04-19,1.000532391170918,81124243453.9212,29616720696.275673
2023-04-20,1.0013568483203215,81576461707.21233,40775850572.628296
2023-04-21,1.0003809137643753,81432223467.57095,33850631738.252155
2023-04-22,1.001170706014844,81482240781.84691,32874452175.146168
2023-04-23,1.0020009378534893,81601259475.5642,18029599677.252316
2023-04-24,1.00116375783237,81498022564.96622,17557029367.04201
2023-04-25,1.0007167951427052,81561952839.31276,23174575651.24444
2023-04-26,1.0014737126187836,81650664075.8101,23815476982.594337
2023-04-27,1.000296836942415,81618274278.07602,42728517018.06984
2023-04-28,1.001350899248264,81714368057.79353,34953224145.46865
2023-04-29,1.0007938359000932,81713940555.01346,25277099047.73672
2023-04-30,1.000952488788206,81811659037.79712,13491816831.169899
2023-05-01,1.0013626079294586,81834959453.01086,18862210774.189518
2023-05-02,1.001332354405031,81873049553.9293,26517216172.218746
2023-05-03,1.0013405330723832,81882894005.45645,22845821557.870777
2023-05-04,1.0003731491865995,81989333426.1504,27599627945.409744
2023-05-05,1.000573586856295,82166156610.54845,10260443407.776764
2023-05-06,1.0013408781850142,82151905581.7886,18857165134.186428
2023-05-07,1.0017414376831404,82239351555.02676,23546975147.57008
2023-05-08,1.0014778730229446,81979806768.98271,14673735668.719307
2023-05-09,1.0008933946822607,82444600542.1588,31517422203.536057
2023-05-10,0.998773584418374,82501557251.18872,16814773339.949299
2023-05-11,0.9997730914912693,82565452645.59608,13254326645.678404
2023-05-12,0.9999926442450879,82667039654.89803,24966468466.75595
2023-05-13,1.0010597307143012,82799743141.6915,22948485384.837734
2023-05-14,1.0007015823514978,83088864855.27592,13610775328.44514
2023-05-15,1.0000412226369675,82795486682.09766,12887195724.106913
2023-05-16,1.0016350204970128,82803772135.3671,20209244399.28626
2023-05-17,1.000153869534579,82847420820.40103,18183872793.428925
2023-05-18,0.999302334528343,82854296237.72488,15053422109.675333
2023-05-19,0.999370508017546,82877902315.1606,13318816749.052858
2023-05-20,1.000565722157502,82912724184.7996,8386664936.126447
2023-05-21,1.0001177881758423,82935921774.5457,6894277527.257222
2023-05-22,1.0003978793452966,82951150480.0993,11892096121.553825
2023-05-23,1.0001901853873807,82986871465.61473,11515676906.842184
2023-05-24,1.0000759933014864,83010344061.6914,16157719373.315718
2023-05-25,0.9996633161334962,83087445100.9739,21879143806.39798
2023-05-26,0.9998546264977252,83050428815.98918,20626803742.31419
2023-05-27,1.0006694844916575,83125090385.81488,10843817553.492998
2023-05-28,1.0001474591967683,83115259981.77856,12993634045.74157
2023-05-29,1.0002155757169435,83238961008.24347,16818048302.619102
2023-05-30,1.0004538437650705,83179557093.94339,20805714567.75866
2023-05-31,1.0002768822343326,83178632658.51576,18100413202.709904
2023-06-01,1.000403806707414,83259425002.24538,20382863080.558514
2023-06-02,1.0002824103469976,83245325860.45761,11938083548.876156
2023-06-03,1.0003765714505408,83185392884.92227,14132729009.724371
2023-06-04,1.0003733188731239,83181185644.95522,12505685639.732773
2023-06-05,1.0024604902656848,83202873665.42276,12091623951.906898
2023-06-06,1.0014599108165811,83214677269.12456,20606961636.880287
2023-06-07,1.0004545640825404,83215224249.20848,28583258275.355717
2023-06-08,0.9998485018624065,83294694375.8993,26966533466.848427
2023-06-09,0.9998031712508338,83314341457.23004,16157443170.739286
2023-06-10,0.9999353667268374,83340103621.55147,10133131764.691437
2023-06-11,1.0005425670886527,83392178490.08475,30912006845.126934
2023-06-12,1.0005488381681502,83421999682.59865,15722496984.665714
2023-06-13,1.0003618518946387,83412876219.14725,19555473232.616512
2023-06-14,0.9989999030777137,83477452867.17456,17999665062.59847
2023-06-15,0.9990575435310662,83520295613.2809,14333003063.97966
2023-06-16,0.999088388977999,83531769676.53441,19100399151.19726
2023-06-17,0.9993655187980076,83512114862.29964,20825513615.74261
2023-06-18,0.9989070475232625,83510630760.90634,12921626224.316065
2023-06-19,0.9996073859739449,83130615716.81691,12287433243.243479
2023-06-20,1.0001187662344246,83176269486.24306,12696832719.279644
2023-06-21,0.999060525973033,83135121982.19963,20880943880.76952
2023-06-22,1.0008414807989598,83170086674.34586,37604348904.13151
2023-06-23,1.0008559696469361,83172721039.26547,13604556265.466303
2023-06-24,1.000698926146333,83349230026.90846,27490690982.21527
2023-06-25,1.0008726730273607,83310443944.22711,13928337335.107206
2023-06-26,0.9996999119797204,83241756372.50633,14651066137.016628
2023-06-27,1.0002500919938884,83129801763.55685,22557703195.955856
2023-06-28,0.9998202078282138,83283881739.39743,20500258844.818214
2023-06-29,0.9994506236050122,83317728409.27911,17418987220.982967
2023-06-30,1.0003833216265783,83395956301.867,16112541256.837347
2023-07-01,0.9995964530617081,83284621552.31244,40611671688.7483
2023-07-02,1.0001834506123823,83335613301.6225,9513166274.446636
2023-07-03,0.9990191267051235,83275413162.65305,9641964189.840517
2023-07-04,0.999795592054086,83340559709.13902,23818500312.616814
2023-07-05,0.9999385227397539,83379982352.33514,16421946137.034252
2023-07-06,0.9992324189691514,83318318450.32018,15763916837.270567
2023-07-07,0.9999991428847104,83485321161.53781,29431199350.180206
2023-07-08,1.0001222567391679,83361580540.12299,11580264459.262157
2023-07-09,1.0002422863538163,83400094970.38133,12430990317.222069
2023-07-10,0.9998358275612065,83401941911.69394,9027084566.994236
2023-07-11,1.0000960808426629,83357075149.29001,18933578946.95063
2023-07-12,1.000126277483578,83401280506.39957,16799272349.371576
2023-07-13,1.0005074515751453,83403277912.52115,17906318480.993587
2023-07-14,1.0003916021641654,83325381227.48358,41189381561.33435
2023-07-15,1.0007066392877917,83642019367.73041,38115912805.16676
2023-07-16,1.0006530884475466,83663934660.37202,14687396233.684244
2023-07-17,1.0005482868732642,83509799726.48723,10365851133.897045
2023-07-18,0.9998071871420023,83743480630.29497,9569142031.318148
2023-07-19,1.0004809519836453,83790732854.88849,20811143044.811424
2023-07-20,1.0002928762456451,83734085145.09355,18728809603.79993
2023-07-21,1.0001992653281024,83839342615.98102,22829568120.206112
2023-07-22,1.000050382290215,83784332315.95091,19003075543.919186
2023-07-23,0.9997490526422014,83804674505.69337,9669080041.186516
2023-07-24,0.999898413750001,83755687819.48451,13086306837.397448
2023-07-25,1.0000973295833209,83792795551.98889,23022131554.691906
2023-07-26,0.9996062705921892,83790318776.21411,12105247897.253216
2023-07-27,1.0008326044089932,83895071911.8851,10714717923.692095
2023-07-28,0.999739572533881,83781752304.07178,13900641436.011621
2023-07-29,0.9999453849555628,83827866970.28653,11602381889.644108
2023-07-30,0.9999745347844408,83822465176.84192,7077454568.378146
2023-07-31,1.0002378457856913,83823744370.67871,13108022081.57921
2023-08-01,0.999866830556736,83791388839.53244,13098215453.817194
2023-08-02,0.9999415960949525,83816313473.61049,25377039033.12224
2023-08-03,0.999241912887552,83888527906.0555,23643854095.0633
2023-08-04,0.9986798538079775,83841060938.9211,17894208326.919086
2023-08-05,0.9989124954709581,83719693334.73195,11293689345.822758
2023-08-06,0.9989869260138814,83816979241.18967,8632620439.423523
2023-08-07,0.9983198416783463,83751692193.03862,11345706293.528992
2023-08-08,0.9988731533009275,83464564710.04935,22713171469.689056
2023-08-09,0.9999454982095487,83534670798.40623,25194087093.52214
2023-08-10,0.9997120082401099,83496944483.02469,18767301829.031578
2023-08-11,0.9988989814309317,83445632345.53148,10890096033.917694
2023-08-12,0.9989379212012733,83313809612.89717,8184751224.058282
2023-08-13,0.9993771983831886,83355420569.70955,9189020281.947243
2023-08-14,0.9993836393270443,83303287526.81169,9254138040.705431
2023-08-15,0.998712649259746,83323482665.83325,12792365654.7868
